{
  "credit": "Made with Blockbench",
  "parent": "builtin/entity",
  "texture_size": [
    64,
    64
  ],
  "textures": {
    "particle": "amyshield:item/amethyst_shield"
  },
  "gui_light": "front",
  "display": {
    "thirdperson_righthand": {
      "rotation": [
        45,
        135,
        0
      ],
      "translation": [
        3.51,
        22,
        7
      ],
      "scale": [
        1,
        1,
        1
      ]
    },
    "thirdperson_lefthand": {
      "rotation": [
        45,
        135,
        0
      ],
      "translation": [
        13.51,
        13,
        14
      ],
      "scale": [
        1,
        1,
        1
      ]
    },
    "firstperson_righthand": {
      "rotation": [
        0,
        180,
        -5
      ],
      "translation": [
        -16,
        21,
        -11
      ],
      "scale": [
        1.25,
        1.25,
        1.25
      ]
    },
    "firstperson_lefthand": {
      "rotation": [
        0,
        180,
        -5
      ],
      "translation": [
        4,
        22,
        -11
      ],
      "scale": [
        1.25,
        1.25,
        1.25
      ]
    },
    "gui": {
      "rotation": [
        15,
        -25,
        -5
      ],
      "translation": [
        3,
        11,
        0
      ],
      "scale": [
        0.65,
        0.65,
        0.65
      ]
    }
  }
}